{
  "feature_columns": [
    "umidade_atual",
    "ph_atual",
    "fosforo",
    "potassio",
    "temperature",
    "humidity_air",
    "precipitation",
    "wind_speed",
    "pressure",
    "hora_do_dia",
    "dia_da_semana",
    "mes_ano",
    "umidade_tendencia",
    "ph_tendencia",
    "umidade_variacao",
    "estresse_termico",
    "temp_tendencia",
    "chuva_recente",
    "precipitacao_acumulada",
    "periodo_dia_encoded",
    "estacao_encoded",
    "necessidade_nutrientes_encoded",
    "ph_categoria_encoded"
  ],
  "metrics": {
    "irrigation_accuracy": 0.9716193656093489,
    "irrigation_cv_mean": 0.9609373433583961,
    "irrigation_cv_std": 0.016528738259386513,
    "humidity_mae": 3.0973367535686305,
    "humidity_cv_mean": 2.903314770679059,
    "humidity_cv_std": 0.5272546895794997,
    "last_trained": "2025-06-23T19:45:51.677882",
    "training_samples": 1996,
    "class_distribution": {
      "0": 1424,
      "1": 572
    },
    "predicted_classes": [
      0,
      1
    ],
    "feature_importance_irrigation": {
      "umidade_atual": 0.3682583697320717,
      "ph_atual": 0.3859249357682796,
      "fosforo": 0.0,
      "potassio": 0.0,
      "temperature": 0.006915156884447467,
      "humidity_air": 0.008988132901159289,
      "precipitation": 0.010023166419207925,
      "wind_speed": 0.009944522494157643,
      "pressure": 0.017429519609983107,
      "hora_do_dia": 0.014876478150142518,
      "dia_da_semana": 0.004125018444517746,
      "mes_ano": 0.0,
      "umidade_tendencia": 0.06384706641312074,
      "ph_tendencia": 0.03385100482026966,
      "umidade_variacao": 0.010816779657001414,
      "estresse_termico": 0.0,
      "temp_tendencia": 0.015090924982262827,
      "chuva_recente": 0.00010292814804994729,
      "precipitacao_acumulada": 0.01497734349958658,
      "periodo_dia_encoded": 0.0008821008874828511,
      "estacao_encoded": 0.0,
      "necessidade_nutrientes_encoded": 0.0,
      "ph_categoria_encoded": 0.03394655118825913
    },
    "feature_importance_humidity": {
      "umidade_atual": 0.30452239623864813,
      "ph_atual": 0.01605209300807943,
      "fosforo": 0.0,
      "potassio": 0.0,
      "temperature": 0.005525292605347711,
      "humidity_air": 0.009977437234999956,
      "precipitation": 0.0034962587395112425,
      "wind_speed": 0.005835057787366716,
      "pressure": 0.009810605464627233,
      "hora_do_dia": 0.0038279451679440906,
      "dia_da_semana": 0.010255663760196567,
      "mes_ano": 0.0,
      "umidade_tendencia": 0.5301003855355441,
      "ph_tendencia": 0.005759780627779671,
      "umidade_variacao": 0.07820676834939695,
      "estresse_termico": 0.0,
      "temp_tendencia": 0.006227720586375987,
      "chuva_recente": 0.0039211529410622505,
      "precipitacao_acumulada": 0.003963832623196367,
      "periodo_dia_encoded": 0.0006690050147240928,
      "estacao_encoded": 0.0,
      "necessidade_nutrientes_encoded": 0.0,
      "ph_categoria_encoded": 0.0018486043151996314
    }
  }
}